,press,title,date,emotion
0,경향신문,패럴림픽 밖 보통 장애인들의 ‘운동’ 이야기,20220808,중립
1,경향신문,"이재명, 압승…초반 기선 제압",20220808,중립
2,경향신문,“군부와 싸우는 미얀마 시민에 절실한 건 국제적 관심”,20220808,중립
3,경향신문,"재개장한 광화문광장, 주말 만끽하는 시민들",20220808,긍정
4,경향신문,"재개장한 광화문광장, 주말 만끽하는 시민들",20220808,긍정
5,경향신문,"재개장한 광화문광장, 주말 만끽하는 시민들",20220808,긍정
6,경향신문,새로 열린 광화문광장,20220808,중립
7,경향신문,4급수 사는 깔따구가 상주보에…“물길 닫힌 10년을 말해줘”,20220808,부정
8,경향신문,김순호 경찰국장 ‘대공특채 배경’ 논란 확산…인노회 “직접 진실 밝혀라”,20220808,부정
9,경향신문,장애인 전용 체육시설 있지만···‘통합 체육 공간’ 필요한 이유는,20220808,중립
10,경향신문,2022년 8월 8일,20220808,중립
11,경향신문,윤 대통령 8일 복귀…‘반등’의 열쇠는?,20220808,중립
12,경향신문,"수읽기 끝낸 이준석, 결국 ‘가처분 신청’ 간다",20220808,중립
13,경향신문,여당 ‘주호영 비대위장’ 가닥…각론엔 이견,20220808,중립
14,경향신문,‘이재명 방탄용’ 당헌 개정 논란 가열,20220808,부정
15,경향신문,윤 대통령 휴가 중에…신인호 안보실 2차장 사퇴 “건강상 이유”,20220808,부정
16,경향신문,검은 옷에 붉은 장미 들고…광주 시민단체들 “미얀마 민주항쟁 응원”,20220808,중립
17,경향신문,“환자 위해 목숨 건 당신은 영웅…존경하고 애도합니다”,20220808,긍정
18,경향신문,"‘이준석 성비위 의혹 연루’ 김성진 아이카이스트 대표, 수감 중 ‘황제 접견’ 논란",20220808,부정
19,경향신문,"‘휴가철’ 파도 타고 코로나, 다시 기승",20220808,부정
20,경향신문,"외고 폐지 방침도 “재검토”…우왕좌왕 교육부, 장관은 두문불출",20220808,부정
21,경향신문,‘원청 뒷짐’에 길어지는 하이트진로 파업,20220808,부정
22,경향신문,"재개장한 광화문광장, 주말 만끽하는 시민들",20220808,긍정
23,경향신문,"재개장한 광화문광장, 주말 만끽하는 시민들",20220808,긍정
24,경향신문,"재개장한 광화문광장, 주말 만끽하는 시민들",20220808,긍정
25,경향신문,남해 무인도에서 22년 만에 ‘솔개 번식’ 확인,20220808,부정
26,경향신문,11일까지 중부지방 중심 많은 비,20220808,부정
27,경향신문,2022년 8월 8일 열대야 식히는 비…서울 낮 최고 28도,20220808,부정
28,경향신문,찜통 더위 속 빨갛게 물든 ‘입추’,20220808,중립
29,경향신문,“지역화폐 빼면 상인들 돕는 정책 뭐 있다고”,20220808,중립
30,경향신문,"재개장한 광화문광장, 주말 만끽하는 시민들",20220808,긍정
31,경향신문,"재개장한 광화문광장, 주말 만끽하는 시민들",20220808,긍정
32,경향신문,"‘공원 같은’ 새 광화문광장, 육조마당 비뚜름한 까닭은",20220808,중립
33,경향신문,"수문장 야간 순찰·눈조각 구경하고, 공연 할인받고",20220808,중립
34,경향신문,"충북 진천군, 전용 글꼴 ‘생거진천체’ 개발",20220808,중립
35,경향신문,서울 결식아동 급식 단가 8000원으로 인상,20220808,부정
36,경향신문,광주 장록습지 ‘2차선 다리’ 갈등,20220808,부정
37,경향신문,중국 ‘대만 포위 훈련’ 일단락…대만은 ‘포사격 훈련’ 대응 예고,20220808,부정
38,경향신문,“푸틴이라면 대만 폭격”…중국 당국 성토하는 ‘극단적 민족주의자들’,20220808,부정
39,경향신문,우크라 곡물 수출 재개되자…7월 세계 식량 가격 크게 떨어져,20220808,부정
40,경향신문,"이스라엘군·팔 무장단체, 사흘째 무력 충돌…전면전 확대 우려",20220808,부정
41,경향신문,"해저화산, 용암보다 더 무서운 잿빛 수증기",20220808,부정
42,경향신문,더 단단해진 시멘트 덩어리의 비밀은 ‘새우 껍데기’,20220808,중립
43,경향신문,‘하늘을 나는 자동차’ 이거 실화야!,20220808,긍정
44,경향신문,‘침 맞으면 참 좋은데…’ 논문으로 설명될 날 온다,20220808,중립
45,경향신문,윤석열 정부도 ‘금융규제혁신’ 내세워…어떤 규제 완화될까,20220808,중립
46,경향신문,국내 휘발유 값 안정세 진입…유류세 조정 한도 50%까지 확대했지만 추가 인하 없을 듯,20220808,부정
47,경향신문,"정부, 추석 앞두고 수입 농축수산물 관세율 인하 확대 검토",20220808,중립
48,경향신문,"KT, 튀르키예 1위 통신사 투르크텔레콤과 전략적 제휴",20220808,중립
49,경향신문,"갤러리아백화점, 시원한 여름 주제로 ‘더 웨이브’전",20220808,중립
50,경향신문,"대리점에 갑질 않고 상생 실천 기업, 매일유업 ‘최우수’·CJ제일제당 ‘우수’",20220808,긍정
51,경향신문,"완성차·배터리 업체, 친환경차 본격 전환 대비 ‘인재 쟁탈전’",20220808,중립
52,경향신문,"LG유플러스, 소외계층 아동에 ‘아이들나라’ 콘텐츠 제공",20220808,중립
53,경향신문,신세계백화점에서 만나는 덴마크 프리미엄 가구,20220808,중립
54,경향신문,채소류 가격 1년 새 26% 폭등에…‘자급자족’ 홈가드닝 관련 매출 쑥쑥,20220808,긍정
55,경향신문,"‘반쪽짜리’ 장위뉴타운, 17년 만에 ‘완전체’로 반전 드라마",20220808,중립
56,경향신문,숲세권 대단지 ‘인덕원자이 SK VIEW’,20220808,중립
57,경향신문,직주근접 785가구 ‘인천 두산위브 더센트럴’,20220808,중립
58,경향신문,영어교육도시에 ‘한화 포레나 제주에듀시티’,20220808,중립
59,경향신문,‘광복군 17위’ 77년 만에 국립대전현충원으로,20220808,중립
60,경향신문,MLB 전설 ‘와그너 카드’ 94억원에 팔려,20220808,중립
61,경향신문,"바다서 ‘한산대첩’ 있던 날, 육지에선 ‘웅치전투’ 있었다",20220808,중립
62,경향신문,15일 서울대서 ‘세계불교학대회’,20220808,중립
63,경향신문,오늘의 인사 - 2022년 8월 8일,20220808,중립
64,경향신문,오늘의 부고 - 2022년 8월 8일,20220808,중립
65,경향신문," “락페가 장난이야?”···3년 만의 펜타포트, 무더위도 잊고 “로큰롤!”",20220808,긍정
66,경향신문,"세상의 편견 따위 가뿐히 눌러버린 유쾌한 쇼뮤지컬, ‘킹키부츠’",20220808,중립
67,경향신문,캄보디아 오지 찾아가 진료하는 부부 치과의사…KBS1 ‘인간극장’,20220808,중립
68,경향신문,2022년 8월 8일,20220808,중립
69,경향신문,2022년 8월 8일,20220808,중립
70,경향신문,흥행 신호탄…배달의 민족 ‘K 매운맛’ 어때! EPL 개막전 공격포인트의 밤,20220808,중립
71,경향신문,EPL 중계 어디서 할인해?…축구 팬들 ‘한여름밤의 구독 전쟁’,20220808,중립
72,경향신문,희망찬 출발…배달의 민족 ‘K 매운맛’ 어때! EPL 개막전 공격포인트의 밤,20220808,중립
73,경향신문,끝내준 4연속 버디…지한솔 ‘뒤집기쇼’,20220808,긍정
74,경향신문,"수원FC 김현, 뒤늦게 꽃피운 재능 ‘인생역전’…서른, 잔치가 시작됐다",20220808,긍정
75,경향신문,"아직 모른다, 어떤 현대가 ‘왕관’ 쓸지",20220808,중립
76,경향신문,"LG 오지환, 그물 수비 선보이고 결승 홈런에 쐐기타…2위 경쟁 키움 ‘압도’",20220808,중립
77,경향신문,리그앙 적응 끝…메시는 메시다,20220808,중립
78,경향신문, 법과 원칙? 법의 원칙!,20220808,중립
79,경향신문, 김동인의 ‘감자’에는 감자가 안 나온다,20220808,부정
80,경향신문, 온전한 일상을 누리기 위해,20220808,중립
81,경향신문, 강변가요제,20220808,중립
82,경향신문, 발달장애인도 대한민국 유권자다,20220808,중립
83,경향신문," 촉법소년, 형사 책임능력과 교화 가능성 고려해야",20220808,중립
84,경향신문, 목이 곧은 이들의 슬픔,20220808,부정
85,경향신문, 헤어질 결심,20220808,중립
86,경향신문, 투석실의 간호사,20220808,중립
87,경향신문, 여름방학,20220808,중립
88,경향신문, 그 장애인은 왜 그리 친절했나,20220808,중립
89,경향신문, 부자 만세,20220808,긍정
90,경향신문, 경찰국장 김순호 ‘프락치 특채’ 의혹 확실히 규명해야,20220808,부정
91,경향신문," 외고 폐지도 뒤집은 박순애, 윤 대통령 이대로 둘 건가",20220808,중립
92,경향신문," 청탁설 줄 잇는 대통령실, 특별감찰관 조속히 임명해야",20220808,중립
93,경향신문, 보도 방식 개선 없인 댓글 해법 없다,20220808,부정
0,동아일보,"美, 순직 619명 65분간 호명…韓 “사진 좀 찍어줘, 일동 묵념”",20220808,중립
1,동아일보,박순애 교육장관 주내 교체 가닥,20220808,중립
2,동아일보,"中, 대만해협 이어 서해 실탄훈련… 美, 中국경 분쟁 인도와 연합훈련",20220808,부정
3,동아일보,"이재명, 경선 첫주 74% 압승… 최고위원 상위 5명중 4명이 친명",20220808,중립
4,동아일보,신인호 안보실 2차장 사표… “건강상 이유”,20220808,중립
5,동아일보,"친문 전해철, 특사 대상 거론 김경수 지난달 특별면회",20220808,중립
6,동아일보,이준석 “비대위장 임명 의결 즉시 가처분 신청”,20220808,중립
7,동아일보,국민의힘 내부 연일 ‘윤핵관 책임론’,20220808,부정
8,동아일보,"“美, 대만해협서 항모-전투기 우위… 中은 지대함 미사일 우세”",20220808,부정
9,동아일보,"케리 “中 기후협력 중단, 세계를 벌주는 셈”",20220808,부정
10,동아일보,박진 “中서 북핵-공급망 협력 논의할것”… 사드 ‘뇌관’도 테이블에,20220808,중립
11,동아일보,尹정부 첫 남북 만남 ‘냉랭’… 박진 “조건 없는 대화” 北 “여건 조성 먼저”,20220808,중립
12,동아일보,"정부, ‘칩4’ 예비회의 참여하기로… “국익 충분히 반영할것”",20220808,중립
13,동아일보,"軍, 北찬양 영상 튼 병사 국보법 위반 기소",20220808,부정
14,동아일보,우량 회사채 1분만에 완판… 경기침체 우려에 주식 팔고 채권 산다,20220808,중립
15,동아일보,추석 물가 비상… 수입농산물 관세 인하 확대 검토,20220808,부정
16,동아일보,尹정부 첫 주택 공급책 내일 발표… 재초환-안전진단 규제 완화,20220808,중립
17,동아일보,광화문광장 시민들 “넓어진 보행로-분수 좋아”… “그늘 부족” 지적도,20220808,중립
18,동아일보,"‘이천 화재’ 현은경 간호사, 의사자 지정 추진",20220808,중립
19,동아일보,‘윤석열 암살’ 온라인에 글 올린 30대 남성 붙잡혀,20220808,부정
20,동아일보,"경찰, 하이트진로 공장 점거 화물연대 4명 영장 신청",20220808,부정
21,동아일보,"檢, 2년간 잠금 못 푼 ‘한동훈 폰’ 돌려줬다",20220808,중립
22,동아일보,“직원 자녀 특채” 기업 63곳 ‘고용 세습’,20220808,중립
23,동아일보,화엄사서 모기장 치고 즐기는 영화 음악,20220808,중립
24,동아일보,“잠실운동장에 폭탄” 허위 글에 1000여명 대피 소동,20220808,부정
25,동아일보,수도권 내일까지 최대 300mm 폭우,20220808,부정
26,동아일보,"잠 안잔다며 때리고 넘어뜨리고… 파주 어린이집, 원아 9명 수백차례 학대",20220808,부정
27,동아일보,"“최고의 방학 보냈다” 참가 학생 1600여 명, 바이오 강연에 찬사",20220808,긍정
28,동아일보,"“한국 바이오산업, 투자-혁신 통해 더 크게 도약할 것”",20220808,중립
29,동아일보,"이, 팔 공습에 어린이 등 31명 사망… 제2의 ‘11일 전쟁’ 위기",20220808,부정
30,동아일보,中 휴양지 하이난 ‘코로나 봉쇄’… 관광객 8만명 갇혔다,20220808,부정
31,동아일보,"佛, 송수관 말라 비상… 英, 야외수도 금지",20220808,부정
32,동아일보,“기시다 10일 개각… 아베 동생 기시 교체 검토”,20220808,중립
33,동아일보,“소리 질러”… 돌아온 오프라인 콘서트,20220808,중립
34,동아일보,1970년대 ‘아바이 마을’ 실향민들의 삶-애환,20220808,중립
35,동아일보,"드라마 ‘우영우’, 박원순 변호사건 모티브 논란",20220808,부정
36,동아일보,“게으름은 열정이 식었다는 의미죠”,20220808,부정
37,동아일보,"어, 작가 이름이 없네… 출판사 ‘블라인드 가제본’ 붐",20220808,중립
38,동아일보,"박성웅-신승환, 두 번째 캠핑장 영업은 성공?",20220808,중립
39,동아일보,"14번홀까지 3위 지한솔, 기적의 ‘4연속 버디’",20220808,긍정
40,동아일보,"이민영, 홋카이도 메이지컵 우승… JLPGA 6승째",20220808,긍정
41,동아일보,,20220808,중립
42,동아일보,SD “속도 모르고… 시즌권 그만 좀 사세요”,20220808,부정
43,동아일보,"NC 마티니, 사상 4번째 ‘담장 안 그랜드슬램’",20220808,중립
44,동아일보,“고마운 SON” “섭섭한 SON”,20220808,중립
45,동아일보,"“장남 브로니 ‘NBA감’ 되겠죠?”… ‘킹’ 제임스, 아들과 함께 훈련",20220808,중립
46,동아일보,"엄원상 11호골 ‘장군’, 모친상 바로우 ‘멍군’",20220808,부정
47,동아일보,메시 ‘바이시클 킥’… 개막전 2골 1도움,20220808,중립
48,동아일보,야구 外,20220808,중립
49,동아일보,"“다누리, 임무 마치면 달 상공 20km접근 새 임무”",20220808,중립
50,동아일보,"5년만에 컴백 소녀시대, 31개국 아이튠스 차트 정상",20220808,긍정
51,동아일보,"‘기절 놀이’ 뇌사 英소년, 연명치료 중단으로 사망",20220808,부정
52,동아일보,박옥인 별세 外,20220808,부정
53,동아일보,"한국계 日 교토국제고, 여름 고시엔 출전했지만…",20220808,중립
54,동아일보,"수유리 안장 광복군 17위, 광복 77년만에 국립묘지로",20220808,중립
55,동아일보,“美-英처럼 순경서 시작해 능력 검증” vs “경찰대 전문인력 필요” ,20220808,중립
56,동아일보,중력 활용해 연료 절감… ‘다누리’의 우주항해 도전,20220808,중립
57,동아일보,쿠바의 올드카,20220808,중립
58,동아일보,"‘채팅 로봇’에 거짓말하는 고객, 어떻게 줄일까",20220808,중립
59,동아일보,"2030 열풍 테니스, 하루 5게임에 체중 2.5kg 뚝 ",20220808,중립
60,동아일보,"학제 개편, 폭넓게 논의할 때다",20220808,중립
61,동아일보,자기희생 없이 최고권력 쥔 尹의 함정,20220808,중립
62,동아일보,뇌 수술醫 없는 병원,20220808,부정
63,동아일보,고물가 타고 돌아온 ‘통큰 치킨’의 추억 ,20220808,중립
64,동아일보,케첩의 미소,20220808,중립
65,동아일보,무엇이 대만을 인내하게 만드나,20220808,중립
66,동아일보,"내일 한중 외교회담, 윤석열 외교의 첫 시험대",20220808,중립
67,동아일보,"‘외고 폐지’도 오락가락, 박순애 체제론 교육개혁 어림없다",20220808,부정
68,동아일보,국민의힘 내홍 사태… ‘윤핵관’도 백의종군 선언하라,20220808,부정
69,동아일보,우리 일상을 ‘예술’로 만들기,20220808,중립
70,동아일보,화장품업계 ‘코로나 후유증’… 매출-영업익 일제히 하락,20220808,부정
71,동아일보,수도권 아파트값 3년 1개월 만에 가장 큰 폭 하락,20220808,부정
72,동아일보,휘발유값 5개월만에 1850원 밑으로,20220808,부정
73,동아일보,“온라인 예금중개 서비스 연내 도입”… 금융 플랫폼화 속도낸다,20220808,중립
74,동아일보,“쇼핑도 하고 미술품 감상도 즐기세요”,20220808,중립
75,동아일보,K콘텐츠 덕분에… 라면 상반기 수출액 또 ‘역대 최대’,20220808,긍정
76,동아일보,카카오-케이뱅크도 대출금리 인하… 최대 0.45%P↓,20220808,긍정
77,동아일보,은행권 “새출발기금 빚탕감 90% →50%로 낮춰야”,20220808,중립
78,동아일보,"공정거래 ‘더 세진 칼날’에… 기업들, 전담부서 신설등 ‘선제 대응’",20220808,중립
79,동아일보,“덴마크 명품 소파 만나보세요”,20220808,중립
80,동아일보,"“악성 세금체납자 특별정리”… 국세청, 현장추적조사 강화",20220808,중립
81,동아일보,美 노동시장 7월 호조에… 연준 ‘3연속 자이언트스텝’ 힘받아,20220808,긍정
82,동아일보,"현대-기아, ‘전기차 격전지’ 북유럽서 잇단 선전",20220808,중립
83,동아일보,롯데쇼핑 영업이익 10배로… 백화점 호황에 영화 흥행도 한몫,20220808,긍정
84,동아일보,네이버-카카오 2분기 최대 매출,20220808,긍정
85,동아일보,"LG전자, 청소기 거치대 결합했더니… ‘코드제로’ 판매 50%↑",20220808,중립
86,동아일보,"삼성전자, 베트남 총리에 부산엑스포 유치 지원 요청",20220808,중립
87,동아일보,석촌호수에서 열린 수영 대회,20220808,중립
88,동아일보,"동아전람, 18~21일 ‘MBC 건축박람회’ 개최",20220808,중립
89,동아일보,"현대차, R&D 경력직 채용… 87개 분야 세자릿수 규모",20220808,중립
90,동아일보,SK에너지 “재활용 아스콘 생산 확대”… 中企 아스팔트 탱크 지원,20220808,긍정
91,동아일보,"LG U+ - 우정사업본부 - 알뜰폰社, 소외계층 아동에 교육콘텐츠 제공",20220808,중립
92,동아일보,전세계서 로켓 발사 경쟁… “우주 쓰레기 처리 기술도 함께 발전해야”,20220808,중립
93,동아일보,"“길어지는 팬데믹, 변종 바이러스… 기초연구에 답이 있다”",20220808,중립
94,동아일보,퇴근후 운동땐 미네랄워터… ‘헬시플레저’에 빠진 MZ,20220808,중립
95,동아일보,오뚜기 후원 ‘화천 토마토축제’ 3년만에 열려,20220808,중립
96,동아일보,‘뷔페 티켓’ 매출 작년比 6배 급증 “외식물가 올라 할인가 뷔페 인기”,20220808,긍정
97,동아일보,"명절 고급 한우 선물 수요 증가에 롯데-현대百, 100만원대 세트 판매",20220808,중립
98,동아일보,전기차부터 걸그룹까지… 더현대서울 이색 팝업스토어 ‘러브콜’,20220808,중립
0,매일경제," 美, 한국에 '칩4 예비회동' 제안",20220808,중립
1,매일경제,"붐&쇼크 투자성적, 美S&P500 앞질러",20220808,중립
2,매일경제, 대왕님도 흐뭇하시겠네…활짝 열린 광화문광장,20220808,긍정
3,매일경제,그 많던 자이 래미안 어디로…서울 '새 아파트 실종사건',20220808,부정
4,매일경제," 기업인 경제형벌, 국토교통부 최다",20220808,중립
5,매일경제,롯데제과·포스코인터 'ESG 톱10' 진입…환경·지배구조 개선 높은점수,20220808,긍정
6,매일경제,"코인 창시자의 경고 ""실제로 못쓰면 10년뒤 다 사라진다""",20220808,중립
7,매일경제,"""거래 쉬워진다"" 기대감에…이더리움 한달새 45% 반등",20220808,긍정
8,매일경제, 주간 주요 시세  ,20220808,중립
9,매일경제,"韓 ""中 자극땐 반도체 공급망 휘청"" 설득…美입장 바뀔지 주목",20220808,중립
10,매일경제, 9일 한중 외교장관 이어 이달말 경제장관 회의,20220808,중립
11,매일경제,"""기술전쟁 밀리면 끝장…칩4 가입 피할 수 없어""",20220808,중립
12,매일경제,수도권 150만 가구 풀린다…20만 가구는 청년 원가주택,20220808,중립
13,매일경제,입주까진 3~5년 걸려…당장 집값 안정 효과는 '글쎄',20220808,중립
14,매일경제,교도소 담장걷는 기업인들…이유는,20220808,중립
15,매일경제,과도한 형벌 개선 나선 정부…공정거래법·상법 규정 완화할듯,20220808,긍정
16,매일경제,"관리형이냐, 혁신형이냐…與비대위 구성 '갈팡질팡'",20220808,중립
17,매일경제,"尹지지 '이대남' 與이탈 조짐…친이준석계, 토론회·소송 추진",20220808,부정
18,매일경제,"인사 카드 대신 민생행보로…휴가마친 尹, 지지율 반등 노려",20220808,중립
19,매일경제," 김진표 국회의장, 폴란드 유대인 위령탑 참배",20220808,중립
20,매일경제,유엔총장 11일 訪韓…尹접견 성사 주목,20220808,중립
21,매일경제,"이변은 없었다…이재명, 초반부터 압도적 1위 '어대명'입증",20220808,긍정
22,매일경제,"신인호 국가안보실 2차장, 건강상 이유로 사의 밝혀",20220808,부정
23,매일경제,"중, 한미 동시에 겨냥…서해서 열흘 간 실탄 무력 시위",20220808,부정
24,매일경제,中 7월 수출 18% 증가…상하이봉쇄 풀린뒤 석달째 상승,20220808,긍정
25,매일경제,코로나 확산 '중국의 하와이' 하이난 봉쇄,20220808,부정
26,매일경제,7월 세계식량가격 큰폭 하락…3월 최고치서 넉달 연속 떨어져,20220808,부정
27,매일경제,"래리 서머스 전 美 재무장관 ""연준 오판하면 1970년대 같은 인플레이션""",20220808,부정
28,매일경제,"""주식 축소"" 붐&쇼크 경고 따랐다면 美 '역대급 하락장' 선방",20220808,부정
29,매일경제,"""이젠 오를 때"" 반등 예고 적중…붐&쇼크, 자산배분 역할 '톡톡'",20220808,긍정
30,매일경제,곱버스 올라탄 서학개미 어질어질…내던진 테슬라 애플은 훨훨 ,20220808,부정
31,매일경제,지금 들어가고 9월까지는 팔아라…AI가 예언하는 '나스닥100',20220808,중립
32,매일경제,"""원전 지속하려면 고준위 방폐장 연구개발 시급""",20220808,중립
33,매일경제, 입추 맞아 무르익은 조롱박,20220808,중립
34,매일경제,추석 앞두고 물가 비상…농산물 관세인하 검토,20220808,부정
35,매일경제,한미 관세청 협력 강화…마약·총기 반출입 차단,20220808,긍정
36,매일경제, 선장 없는 국책硏 '개점휴업' 길어진다,20220808,부정
37,매일경제,"""작년 계약때로 돌아갈래""…전세대출도 변동금리 더 비싸졌다",20220808,부정
38,매일경제,"""빚 탕감 90%는 선 넘었지"" 새출발기금에 열받은 은행",20220808,부정
39,매일경제,車보험 손해율 더 떨어져…보험료 추가 인하 검토,20220808,부정
40,매일경제, 외국환율고시표  ,20220808,중립
41,매일경제, 신한금융 후렌드 위원회 2기 출범,20220808,중립
42,매일경제,"보험설계사 소득 떨어졌다…생보 2%, 손보 7.6% 하락",20220808,부정
43,매일경제,"우리銀, 스타트업 10곳에 10억원씩 혁신성장 지원",20220808,긍정
44,매일경제,"금융인 40년 뒤로하고 글로벌 사모펀드 합류…""끝없는 도전 즐겨요"" ",20220808,중립
45,매일경제,'황금알' 폐배터리 사업…재활용 기준도 없어,20220808,부정
46,매일경제,차 1000만대 덜 팔고 93조 더 벌었다고…비결이 뭐야,20220808,중립
47,매일경제,비틀즈 BTS…노래 떠올리기만 해도 연주가 술술,20220808,중립
48,매일경제," 베트남 총리 만난 노태문 삼성전자 사장, 부산엑스포 지지 요청",20220808,중립
49,매일경제,환경·직원복지 강화 코오롱…1년새 ESG순위 421계단 '껑충' ,20220808,긍정
50,매일경제,5500억 여기에 뺏긴 네이버 카카오…은밀한 추적 시작한다,20220808,부정
51,매일경제,콘텐츠 세부실적 첫 공개한 네이버…카카오 앞질렀다,20220808,중립
52,매일경제,,20220808,중립
53,매일경제,"피부탄력, 자외선·수분·항산화제에 달렸다 ",20220808,중립
54,매일경제,어김없이 한국만 호갱…007레고 美日보다 9천원 비싸,20220808,중립
55,매일경제," 삼성전자, '로봇청소기 비스포크 제트봇 AI'",20220808,중립
56,매일경제,"EDGC, 국회서 주목받은 까닭",20220808,중립
57,매일경제,돌아온 갈매기 '롯데'…부산이 달라진다,20220808,중립
58,매일경제,2년뒤 시장 20조…백화점이 샤넬만큼 공들인 이것,20220808,중립
59,매일경제,내가 안찾은 일회용 컵 보증금…환경부서 주식투자 한다고?,20220808,중립
60,매일경제,디지털 접목해 더 크게…패션회사 매장이 변한다,20220808,중립
61,매일경제,"천보·이녹스…2차전지株 ""우리도 있어요""",20220808,중립
62,매일경제,해외 큰손 입국했다…잭팟 터진 카지노주,20220808,긍정
63,매일경제,"리츠株, 안전자산 맞나요?…유상증자 때마다 휘청휘청",20220808,부정
64,매일경제,세일즈포스·마이크로소프트…전세계 AI기업 한방에 투자,20220808,중립
65,매일경제,"""하반기 반등장서 현대車·포스코인터 주목""",20220808,중립
66,매일경제, 주요국 증시 주간 동향,20220808,중립
67,매일경제, 주간 주요 증시 지표,20220808,중립
68,매일경제,'고수익·절세' 해외주식 CFD에 뭉칫돈,20220808,중립
69,매일경제,자금난에 최고 7% 고금리까지…코스닥 상장사 CB발행 주의보,20220808,부정
70,매일경제,잇단 악재 만난 中 ETF…일주일새 수익률 '뚝',20220808,부정
71,매일경제,"""3억 싼 역세권 아파트 안살래""…50명이나 포기 왜?",20220808,부정
72,매일경제, 공사재개 예고 둔촌주공…대출연장이 막판 '복병',20220808,중립
73,매일경제,"""자산시장 거품 붕괴, 이제 시작 불과"" ",20220808,부정
74,매일경제,성남·영종·인천 부평…수도권에 모처럼 공급,20220808,중립
75,매일경제,현산 '수원 아이파크 시티' 아파트·오피스텔 557가구,20220808,중립
76,매일경제,"""육사·국방부 이전…충남, 국방산업 중심으로""",20220808,중립
77,매일경제,아이디 6679화,20220808,중립
78,매일경제," 8일, 전국 흐리고 비…중부지방 최대 150㎜",20220808,부정
79,매일경제,"사라진 연어회, 묽어진 커피…단골식당 묘하게 부실해졌네",20220808,부정
80,매일경제,"김포공항 AI, 반입금지 물품 1초만에 잡는다",20220808,중립
81,매일경제,"입추 지나니 장마…8일, 중부지방 폭우",20220808,부정
82,매일경제,"환자 구하고 떠난 간호사, 의사자로 지정 추진 검토",20220808,중립
83,매일경제, 제1027회 LOTTO 복권,20220808,중립
84,매일경제,잠실야구장 폭탄 테러 소동,20220808,부정
85,매일경제,하이트진로 공장 통행로 점거…화물연대 간부 4명 구속 영장,20220808,부정
86,매일경제,한글분수 신기하네…새단장 광화문광장 '북적',20220808,중립
87,매일경제,지한솔의 대역전극…골프퀸 전쟁 불붙었다,20220808,긍정
88,매일경제,"손흥민·황희찬, 첫 경기부터 에이스답네",20220808,중립
89,매일경제,"이민영, 日 골프 통산 6승째",20220808,중립
90,매일경제,PGA출전권 거머쥔 김주형…프레지던츠컵도 출전하나,20220808,중립
91,매일경제, 프로 바둑 400명 시대,20220808,중립
92,매일경제,오늘의 운세  ,20220808,중립
93,매일경제,빛이 바다에 스며드는…아름다운 순간은 평등하다,20220808,중립
94,매일경제," 다급하게 걸려온 전화, 격리의 밤이 시작됐다",20220808,부정
95,매일경제, 벽을 뛰어넘는 화음…뜨거운 감동,20220808,긍정
96,매일경제,"광복군 17명, 77년만에 국립묘지 안장",20220808,중립
97,매일경제,'아메리칸뷰티'의 추락…나쁜 손버릇 대가로 400억 낸다,20220808,부정
98,매일경제,영월서 미디어박물관 운영하는 귀촌인,20220808,중립
99,매일경제,서울대서 세계불교학대회…국내외 학자 350명 참가,20220808,중립
100,매일경제,LG전자 '장애청소년IT챌린지'…16개국 400명이 IT 실력 겨뤄,20220808,중립
101,매일경제,"日교토국제고, 올해는 조기 탈락…'여름 고시엔' 1회전서 5대6 석패",20220808,부정
102,매일경제,美 해병대 247년만에 첫 흑인 4성장군,20220808,중립
103,매일경제, 인구절벽과 다문화,20220808,부정
104,매일경제," 피곤한 김진선 시장, 1991년 6월 10일",20220808,부정
105,매일경제, 지연되는 정의,20220808,부정
106,매일경제,카툰 포커스  ,20220808,중립
107,매일경제, 복지 패러다임을 바꿀 수도 있는 '안심소득',20220808,중립
108,매일경제, 소통 꼬여버린 교육부,20220808,부정
109,매일경제, 부산엑스포 유치의 길,20220808,중립
110,매일경제,연봉 1억인데 임금 올려달라며 총파업 예고한 금융노조 이기주의 ,20220808,부정
111,매일경제," 이재명 방탄 위해 당헌 바꾸자는 강성지지층, 위인설법 아닌가",20220808,중립
112,매일경제," '포천500' 美中기업 덩치 경쟁, 한국은 대기업 옭아매기만 할 건가",20220808,부정
113,매일경제, 지게를 진 형을 보며,20220808,중립
114,매일경제, S의 공포 비켜갈 '증시 안전벨트' 챙겨야,20220808,중립
115,매일경제,주식에 관심 뚝 떨어진 지금이 반등 기회 ,20220808,중립
116,매일경제,"미래에셋증권, 주식·채권·펀드에 본사운용랩까지 담아",20220808,중립
117,매일경제,"한국투자증권, 25년동안 배당 늘린 美S&P 알짜기업 투자",20220808,중립
118,매일경제,"""S공포 넘어 R의 공포…신재생에너지·IT 성장주 투자할만""",20220808,중립
119,매일경제,"NH투자증권, 2차전지·수소경제…ESG 우수기업 담아",20220808,중립
120,매일경제,"KB증권, 미국 상장 ETF 편입해 전세계 자산배분",20220808,중립
121,매일경제,"신한금융투자, 대장주·저평가주 고루 담아…시황 따라 비중 조절",20220808,중립
122,매일경제,"하나증권, 하락장 발군의 방어력에 고배당 매력까지 '두 토끼'",20220808,긍정
123,매일경제,"삼성증권, 배당 지급 횟수 늘렸다…은퇴족 '현금지갑'으로 딱",20220808,중립
124,매일경제,"대신증권, 운용보수 아예 없어…장기투자땐 비용절감 효과",20220808,중립
125,매일경제,"하이투자증권, 헬스케어 6개 업종 분산투자로 수익 극대화 노려",20220808,중립
126,매일경제,"메리츠증권, 낙폭과대·경기방어주 분산…경기둔화에도 '너끈'",20220808,중립
127,매일경제,"키움증권, AI가 고객 투자성향 분석해 자동으로 자산 배분",20220808,중립
128,매일경제,"신영증권, 전세계 '흙 속 진주' 기업 20곳 골라 집중 투자",20220808,중립
129,매일경제,"현대차증권, 美·캐나다 등 선진국 인프라기업 투자해 안정 수익",20220808,중립
130,매일경제,"유진투자증권, 롱숏전략 동시 활용…지루한 횡보장서 효과 톡톡",20220808,중립
0,조선일보,K웹툰 나오면 1시간내 세계 퍼진다... 불법유통 ‘토끼와의 전쟁’,20220808,중립
1,조선일보,"물가 올린 곡물값, 넉달 연속 꺾였다",20220808,부정
2,조선일보,주말 이틀간 “압승”... ‘이재명당’ 현실화돼가는 민주당,20220808,긍정
3,조선일보,"정부, 美주도 ‘칩4 예비회의’ 참여키로… 가입하되 中 배제 않게",20220808,중립
4,조선일보,유럽 최악 가뭄… 프랑스 100개 도시 수돗물 끊겨,20220808,부정
5,조선일보,"“尹, 더 낮은 자세로 국민 뜻 받들것”… 당장 큰폭 인사는 없을듯",20220808,중립
6,조선일보,"대통령실, 5년간 공석 ‘특별감찰관’ 임명 적극 검토",20220808,중립
7,조선일보,광복절 특사 심사위 내일 열려… 김경수 포함여부 주목,20220808,중립
8,조선일보,與 ‘주호영 비대위’ 이번주 출범 가닥… 이준석 “13일 기자회견”,20220808,중립
9,조선일보,신인호 안보실 2차장 사의… 대통령실 “건강 악화”,20220808,부정
10,조선일보,"中, 대만 포위때… 주한미군 정찰기 대만해협 출동했다",20220808,부정
11,조선일보,"中, 서해에서도 실탄 사격 훈련... “15일까지 선박 출입금지”",20220808,부정
12,조선일보,"美정가, 尹·펠로시 면담 불발에 “한국의 이중 실수”",20220808,부정
13,조선일보,‘재건축 초과이익’ 면제기준 3천만원→1억원으로 올릴듯,20220808,중립
14,조선일보,"배추 72%, 식용유55%… 무섭게 뛴 밥상물가",20220808,부정
15,조선일보,"하이트 직원 250명, 길 양쪽에 ‘인간띠’... 오늘 화물연대 뚫고 출고 시도",20220808,부정
16,조선일보,피서지 노마스크 인파… 확진자 증가율 가팔라졌다,20220808,부정
17,조선일보,31% “코로나 사태 이후 소득 줄어든 적 있다”,20220808,부정
18,조선일보,도심 ‘성황당’ 같은 노조 현수막… 경찰은 “치울 방법 없다”,20220808,부정
19,조선일보, 상사와 단둘이 마신후 귀가중 사망… “업무상 재해”,20220808,부정
20,조선일보,"환자 지킨 故현은경 간호사, 이천시 ‘의사자 지정’ 추진",20220808,중립
21,조선일보,고용장관 보좌관에 권성동 보좌관 출신 임명,20220808,중립
22,조선일보,골프장 연못서 공 줍다 익사… 안 말린 캐디 입건,20220808,부정
23,조선일보,‘이스타항공 부정채용 의혹’ 금주 재수사 여부 결정,20220808,중립
24,조선일보,일반고 자퇴후 게임 대안학교로… 졸업생 전원 미국 대학 간다,20220808,중립
25,조선일보,수도권 오늘부터 또 장마... 최대 300㎜ 물폭탄 쏟아진다,20220808,부정
26,조선일보,조희연표 혁신학교 지정받으려면... 교원·학부모 과반 동의해야,20220808,중립
27,조선일보,자퇴 학생 37% “특기 살릴 수업 있었다면 학교 다녔다”,20220808,중립
28,조선일보, 박영하 前 토석건축사무소장 별세 외,20220808,부정
29,조선일보,"이스라엘, 팔레스타인 폭격 29명 사망… 15개월만에 또 확전 위기",20220808,부정
30,조선일보,"페루 좌파정권 풍전등화... 대통령 수사 받는 중, 총리 4번째 사임",20220808,부정
31,조선일보,“초등교 총기 난사는 거짓” 美서 가짜뉴스 퍼뜨린 죗값 587억원,20220808,부정
32,조선일보,하이난 봉쇄… 한국인 등 관광객 8만명 날벼락,20220808,부정
33,조선일보,"극초음속 미사일 과학자… 러, 두달새 3명째 체포",20220808,부정
34,조선일보,"하버드에 핀 진달래… K문학, 15년째 ‘활짝’",20220808,중립
35,조선일보,안방에 더 큰 놈이 온다... 넷플릭스 ‘카터’ vs 디즈니+ ‘프레이’,20220808,중립
36,조선일보,"펜타포트 무대 선 미셸 자우너 “엄마 나라 한국, 눈물 못 멈춰”",20220808,부정
37,조선일보, 나를 사로잡은 ‘고래’,20220808,중립
38,조선일보, 천하 明堂,20220808,중립
39,조선일보, 개그맨 김은우의 어머니 걱정,20220808,부정
40,조선일보,무승부로 끝난 K리그 현대家 싸움,20220808,부정
41,조선일보,메시 유럽축구 개막축포… 손흥민 결승골 어시스트,20220808,긍정
42,조선일보,"LG, 키움 누르고 2위 사수",20220808,중립
43,조선일보," ‘이기고 보자’는 한국 골프, 윤이나만의 문제인가",20220808,부정
44,조선일보,"‘마미 로켓’ 프라이스, 올해 女육상 100m 휩쓸다",20220808,긍정
45,조선일보,"12m 버디 퍼트까지 막판 4홀 연속 버디… 지한솔, 짜릿한 1타차 역전승",20220808,긍정
46,조선일보," 리틀야구 대표팀, 월드시리즈 우승 도전",20220808,중립
47,조선일보,“‘천재 우영우’는 판타지...자폐는 불편하다는 시선 바뀌어야 ‘현실 우영우’ 나온다”,20220808,중립
48,조선일보, 화개 골짜기의 목압서사 ,20220808,중립
49,조선일보," 4년 후 발사할 ‘낸시 그레이스 로먼’ 망원경, 인간이 살 행성 찾을까",20220808,중립
50,조선일보, 칼슘 약과 커피 같이 먹지 마세요,20220808,중립
51,조선일보, 북한 급변 사태에 대비하는 ‘재정 준칙’ 마련해야,20220808,중립
52,조선일보, 사드 정상 가동을 더는 미룰 수 없다,20220808,중립
53,조선일보, 숲,20220808,중립
54,조선일보," 현 국가경찰위, 중립적인가",20220808,중립
55,조선일보, 사라진 택시,20220808,부정
56,조선일보," 새로 열린 광화문광장, 시위 아닌 문화의 광장으로",20220808,중립
57,조선일보, 누가 스포츠 비정상화를 부추기나,20220808,부정
58,조선일보," 히로시마, 나가사키",20220808,중립
59,조선일보, 박 장관으로는 막중한 교육 과제들 감당키 어렵다,20220808,부정
60,조선일보," “국민 뜻 헤아린다”는 尹 정부, 뭐가 부족했는지부터 밝혀야",20220808,부정
61,조선일보,적금은 무조건 6개월 이상… 누가 정한 건가요,20220808,중립
62,조선일보,"악성 체납자 3만명 숨겨둔 재산, 3개월간 현장조사",20220808,중립
63,조선일보,“갤럭시 S22가 2만원” 허위 광고 조심하세요 ,20220808,중립
64,조선일보,"국민연금 올 수익률 ―4.7%, 1~5월 손실 45조원",20220808,부정
65,조선일보,"라면 수출 5000억, 신기록… 수출 대상국 1위는",20220808,긍정
66,조선일보,2분기 주가 추락에… ‘투자의 귀재’ 57조원 손실,20220808,부정
67,조선일보,6월 반도체 판매량 처음으로 줄었다,20220808,부정
68,조선일보,"KT·LG유플, 월 30GB대 중간요금제 마련",20220808,중립
69,조선일보,"호출·쇼핑·투자, 앱 하나로 끝… 테크기업 생존전략 ‘수퍼앱’",20220808,중립
70,조선일보,자동차보험 손해율 70%대로 떨어져… 보험료 또 인하될까,20220808,부정
71,조선일보,"벤처캐피털 빗장 풀려… 대기업, 신기술에 현금 쏟아낸다",20220808,중립
72,조선일보,배달비 ‘배보다 배꼽’ 시대… “걸어서 싸게 배달해요” “포장합니다”,20220808,중립
73,조선일보,"코로나 특수 끝나자… 유화업계, 2분기 실적 부진",20220808,부정
74,조선일보,"현대차, R&D 경력직 수백명대 채용한다",20220808,중립
75,조선일보,삼성전자 ‘AI 챌린지’,20220808,중립
76,조선일보,"도심 한복판, 인피니티풀 갖춘 프리미엄 오피스텔",20220808,중립
77,조선일보,"“집 살 분들, 정책변화 눈치보는 중”",20220808,부정
78,조선일보,고품격 재테크 세미나 13건 온라인 생중계,20220808,중립
79,조선일보,"수도권 아파트값, 3년 1개월 만에 가장 큰 폭 하락",20220808,부정
80,조선일보, 조립식 교각 시스템 개발 외,20220808,중립
0,한겨레신문,"중, 군사훈련 한반도 서해까지…한국, 미-중 틈새 줄타기 위태",20220808,부정
1,한겨레신문," ‘재계 민원’ 받아쓰기 정부…해고 쉽게, 부당노동 처벌 삭제",20220808,중립
2,한겨레신문,청년 창업의 꽃에서 무덤으로…그 많던 푸드트럭은 어디로 갔나,20220808,부정
3,한겨레신문,250만호 공급계획 9일 발표…재건축 규제 완화 폭에 쏠리는 눈,20220808,중립
4,한겨레신문,유통 전문가 4인에게 물어본 ‘마트 휴업 갈등’ 해법은?,20220808,중립
5,한겨레신문,박근혜 정부 ‘저성과자 해고 지침’ 데자뷔…노정 정면충돌 불가피,20220808,부정
6,한겨레신문,‘해고 완화’ 선 그은 노동부는 ‘패싱’…국무조정실 주도로 밀어붙이나,20220808,중립
7,한겨레신문,"휴가 끝낸 윤 대통령, 지지율 참사에 ‘인적쇄신’ 눈길 쏠리지만…",20220808,중립
8,한겨레신문,"윤 대통령, 전현희·한상혁에겐 ‘독대’ 업무보고 안받는다",20220808,중립
9,한겨레신문,‘외고 폐지’ 백지화 시사…박순애 사퇴론 더 커졌다,20220808,부정
10,한겨레신문,뚜껑 열자 역시 ‘어대명’…박·강 단일화 불씨 살아날까,20220808,중립
11,한겨레신문,피할 수 없다면…‘이재명 리스크’ 돌파구 찾는 민주당,20220808,부정
12,한겨레신문,이준석 “13일 기자회견”…여론전·법적대응 등 전면전 채비,20220808,부정
13,한겨레신문,국민의힘 운명의 일주일…비대위 성격 두고 갈등 조짐,20220808,부정
14,한겨레신문,청문회만 넘기자?…윤희근 ‘이럴 수도 저럴 수도’ 면피용 답변,20220808,부정
15,한겨레신문,“번돈보다 과태료 더 내” “고물가 무섭다”…시동 꺼진 푸드트럭,20220808,부정
16,한겨레신문,"“대만 보인다”…중국군, 산과 군함 선명한 사진 공개한 의도는",20220808,중립
17,한겨레신문,"박진 외교, 산적한 현안 두고 한-중 외교장관 회담",20220808,중립
18,한겨레신문,"성희롱 피해자, 실명공개 안해도…대법원 “실제 특정되면 문제 없다”",20220808,중립
19,한겨레신문,‘골프 접대’ 이영진 재판관 논란…“헌법재판관회의서 논의해야”,20220808,부정
20,한겨레신문,"‘잠금해제 거부’ 한동훈, 결국 아이폰 돌려받았다",20220808,중립
21,한겨레신문,60살 이상 코로나 치명률 5.8배…여전히 더딘 치료제 처방,20220808,부정
22,한겨레신문,민원인·장애인 빼고 모두 “차빼”…충북도 ‘차 없는 청사’ 실험 논란,20220808,부정
23,한겨레신문,서울시 텃밭면적 11년새 7.5배 늘었다,20220808,중립
24,한겨레신문,주민참여예산 반토막 내겠다는 대전시,20220808,부정
25,한겨레신문,"기시다 총리, 개각 때 ‘통일교’ 관계 따진다…‘아베파’ 직격탄 맞을까",20220808,중립
26,한겨레신문,유럽 기후변화 몸살…폭염에 ‘물 부족’까지 극심,20220808,부정
27,한겨레신문,"이스라엘군, 가자 지구 이틀째 공습…희생 24명으로 늘어나",20220808,부정
28,한겨레신문,침공 뒤 우크라이나 항구에 외국배 첫 입항…곡물 싣고 출항 예정,20220808,부정
29,한겨레신문, 유일한 새벽배송 흑자 기업엔 뭔가 특별한 게 있다,20220808,긍정
30,한겨레신문,“전기차 배터리 충전말고 교체하세요!”…중국 ‘니오’ 전략 성공할까,20220808,중립
31,한겨레신문,‘귀하신 몸’ 된 재생 플라스틱…“재생 원료 안 쓰면 수출 못 해” 비명,20220808,부정
32,한겨레신문,"장단기 금리차 축소가 예고하는, 주식시장 또 한번 진통",20220808,부정
33,한겨레신문,"개미들, 주식서 채권으로 자금 옮겼다…연 4% 채권 특판 ‘완판’",20220808,중립
34,한겨레신문,"현대경제연구원 “가계부채 수준, 금융위기 때보다 과도”",20220808,중립
35,한겨레신문,‘새출발기금’ 불만 제기하는 은행들…이면엔 ‘은행 손실’ 우려,20220808,부정
36,한겨레신문,경기침체 신호에도 미국 일자리 ‘서프라이즈’…‘노동력 부족’ 왜?,20220808,부정
37,한겨레신문,임윤찬 연주하고 김선욱 지휘하는 한여름밤의 클래식 축제,20220808,중립
38,한겨레신문,이정재 “정우성 섭외 4년 걸려…최고로 멋지게 담고 싶었다”,20220808,중립
39,한겨레신문, 한국의 ‘세계 최대 고인돌’ 포클레인 3대가 밟았다,20220808,중립
40,한겨레신문,"돌아온 ‘쏘니’와 토트넘 친구들, 개막전 대승…히샤를리송은?",20220808,중립
41,한겨레신문,우상혁 다이아몬드 따러 취리히 간다…임인년 ‘라스트 점프’,20220808,중립
42,한겨레신문,"마지막 4연속 버디 지한솔, 제주삼다수 마스터스 우승",20220808,긍정
43,한겨레신문,천하의 쿠드롱도 첫 승리에 “이제 좀 안심!”,20220808,긍정
44,한겨레신문,“겁 많던 순둥이가 몸짱 되다니 ‘수렁에서 건진 아들’ 맞구나”,20220808,중립
45,한겨레신문,“피아니스트에서 경영인 변신해 상까지 받으니 대견하구나”,20220808,긍정
46,한겨레신문,“미운 다섯살이라도 무탈하게만 자라다오”,20220808,중립
47,한겨레신문,“어느새 엄마 건강도 챙겨주는 ‘핑크 공주’ 고맙구나”,20220808,긍정
48,한겨레신문,8월 8일 인사,20220808,중립
49,한겨레신문,8월 8일 알림,20220808,중립
50,한겨레신문,8월 8일 엔지오 소식,20220808,부정
51,한겨레신문,8월 8일 동정,20220808,중립
52,한겨레신문,8월 8일 궂긴 소식,20220808,부정
53,한겨레신문, 스스로 놀거리를 찾고 맘껏 뛰노는 곳,20220808,긍정
54,한겨레신문, 선진국의 씁쓸한 유류세 인하,20220808,부정
55,한겨레신문, 길 찾기,20220808,중립
56,한겨레신문, 된장과 포스트휴먼,20220808,중립
57,한겨레신문,아베 정치의 종말과 전후의 행방,20220808,중립
58,한겨레신문, 다섯 살까지,20220808,중립
59,한겨레신문, 지금 당장 놀아야 하는 이유,20220808,중립
60,한겨레신문,‘배은망덕’을 장려해야 정치가 산다 ,20220808,중립
61,한겨레신문, 유엔 사무총장의 ‘횡재세’ 촉구 / 정남구,20220808,중립
62,한겨레신문,그 댓글 창은 닫아야 했다,20220808,부정
63,한겨레신문,보수의 실력이 고작 이 정도였나,20220808,부정
64,한겨레신문," 업무 복귀 윤 대통령, 전면적 국정쇄신안부터 내놔야",20220808,중립
65,한겨레신문, ‘경찰 장악’ 논란 경찰국 수장의 ‘수상한’ 과거 행적,20220808,부정
66,한겨레신문,"윤 대통령 우왕좌왕 외교, 병자호란 부른 인조보다 우려스럽다",20220808,부정
0,한국경제," '때리고 보자'…국세청, 5년간 잘못 매긴 세금 9조",20220808,부정
1,한국경제, 한국 이대로면 10일도 못 버틴다…올 겨울 '푸틴 공포',20220808,부정
2,한국경제," ""1년 전보다 더 큰 기회 왔다""…세계 3대 투자 거물의 조언",20220808,긍정
3,한국경제," LG CNS, 인도네시아에 스마트시티 수출",20220808,긍정
4,한국경제, 시민의 품으로 돌아온 광화문광장,20220808,긍정
5,한국경제,"사헌부 문터·명량분수·숲길…""광화문광장은 역사 놀이터""",20220808,중립
6,한국경제," 가로 91m·세로 9m 이르는 거대그림, 디지털로 만든다",20220808,중립
7,한국경제,"달에서 튼 BTS 뮤비, 지구에서 본다…연내 세계 첫 전송",20220808,중립
8,한국경제,"LNG 가격 뛰는데 1000만t 부족…""웃돈 줘도 물량 확보 어렵다""",20220808,부정
9,한국경제,전력 위기에 올해 석탄 더 땐다,20220808,부정
10,한국경제,가스公 가격협상 실패…日보다 3100억 비싸게 LNG 사들여,20220808,부정
11,한국경제,"10년차 베트남 개발자 연봉 얼마길래…""외국인 채용하겠다""",20220808,중립
12,한국경제,"세계 식량가격지수, 14년 만에 최대폭 하락",20220808,부정
13,한국경제,"KDI ""하반기 경기 하방 압력 커진다""",20220808,중립
14,한국경제,"국세청, 패소 판결문 4건 중 1건 숨겼다",20220808,중립
15,한국경제,'누더기 세법' 본인들도 모호하자…일단 세금 부과하고 보는 국세청,20220808,부정
16,한국경제,"""조세소위 위원장職 내놔야 개정안 심의""…민주당 요구에 종부세 감면 불발되나",20220808,중립
17,한국경제,'어대명'에서 '확대명'으로…기세 올린 이재명,20220808,중립
18,한국경제,"윤 대통령, 닷새 만에 휴가 복귀…경제행보로 지지율 반등 나서",20220808,긍정
19,한국경제,'상습 지각' 감사원 감사에 반발한 전현희,20220808,부정
20,한국경제,"입법처, 유류 탄력세율 조정폭 확대 비판",20220808,중립
21,한국경제,박진 8일부터 중국 방문…'칩4' '사드' 등 韓입장 전할 듯,20220808,중립
22,한국경제," ""페북·아마존 일찍 못 알아봐 후회…지금은 기술주 싸게 살 기회""",20220808,중립
23,한국경제,500만달러로 창업…운용규모 3250억달러로 키워,20220808,중립
24,한국경제,日기업 '엔저 효과'…올해만 10조원 더 번다,20220808,긍정
25,한국경제,"美의회, 4330억달러 인플레 감축법 처리 '가속'",20220808,중립
26,한국경제,푸틴·에르도안 '끈끈한 경협'…러 제재 무력화 우려,20220808,부정
27,한국경제,'침공 훈련' 中 보란 듯…대만도 맞불 훈련,20220808,부정
28,한국경제,中 하이난섬 봉쇄…관광객 8만명 발묶여,20220808,부정
29,한국경제,워런 버핏도 무릎 꿇었다…주가 하락에 57조원 '증발',20220808,부정
30,한국경제,"아마존, 17억달러에 로봇청소기 품었다",20220808,중립
31,한국경제,불황엔 역시 헬스케어…기술株 이어 수익률 2위,20220808,중립
32,한국경제,80여개 바이오 벤처의 '아버지'…모더나를 '백신왕국'으로 키우다,20220808,중립
33,한국경제,"이마트 몽골 공략, 中 웨이하이 통해 빨라진다",20220808,중립
34,한국경제,美 돌풍 '아이오닉 5'에 악재 덮쳤다…속타는 현대차,20220808,부정
35,한국경제,"""맛 어때?""…삼성이 만든 '한정판 라면' 직원들 사이 화제",20220808,긍정
36,한국경제,'화학 빅3' 영업이익 반토막…'주력' 에틸렌값 무너져,20220808,부정
37,한국경제,'질산 절대강자' TKG휴켐스…영업이익률 6년째 두 자릿수,20220808,긍정
38,한국경제,"삼바, 세포·유전자 CDMO 진출 속도조절",20220808,중립
39,한국경제,"""1100조 스마트시티 시장 잡아라""",20220808,중립
40,한국경제,"SK에너지, 상생기금 조성…中企에 아스팔트 탱크 지원",20220808,긍정
41,한국경제,"김성현 블루앤트 대표 ""비대면 진료 앱으로 헬스케어 유니콘 될 것""",20220808,중립
42,한국경제,"""AI반도체 수요 폭발""…삼성전자, 우수인력 발굴",20220808,중립
43,한국경제,"""사은품 아닌 킬러 콘텐츠로 승부""…롯데건설, 분양 마케팅 판 흔든다",20220808,중립
44,한국경제,수입 유제품 쓰나미에도…업계는 샅바싸움,20220808,부정
45,한국경제,"LGU+, 소외계층 어린이 지원…태블릿 구매비·통신비 등 제공",20220808,긍정
46,한국경제,"""명품을 이 가격에?"" 열광…내놓는 족족 다 팔린다",20220808,긍정
47,한국경제,금융지주 '선제적 자본확충'…신종자본증권 발행 잇따라,20220808,중립
48,한국경제,"조용병, MZ세대 직원과 소통 강화",20220808,중립
49,한국경제,자동차보험 손해율 70%대로 개선,20220808,긍정
50,한국경제,"""취약층 빚탕감 원금의 50%로 낮춰야""",20220808,부정
51,한국경제,은행 요구불예금 37조 이탈…자금조달 '비상',20220808,부정
52,한국경제,'깜깜이' 증시 와중에…외국인 '이 종목'은 샀다,20220808,중립
53,한국경제,"개미들, 외국인과 정반대…보유종목 대부분 큰 손실",20220808,부정
54,한국경제,"美기업, 이익 먹구름…'고품질 ETF'로 고수익 비행해볼까",20220808,중립
55,한국경제,S 공포에 소비도 양극화…럭셔리·필수 소비재株 '들썩',20220808,부정
56,한국경제,"'합병' 워너브러더스, 첫 성적표 부진…주가 16% 급락",20220808,부정
57,한국경제,S&P500 기업들이 자본지출 20% 늘린 까닭…,20220808,중립
58,한국경제,덩치 따라 실적전망 '희비'…대기업 오르고 中企는 떨어져,20220808,중립
59,한국경제,세계 집값 동반 붕괴…'SF 복합위기'로 악화되나 ,20220808,부정
60,한국경제,"'차량공유 1위' 쏘카, '정밀기계부품 강자' 대성하이텍 일반청약",20220808,중립
61,한국경제,8만원 회복했지만…전망 엇갈린 카카오,20220808,중립
62,한국경제,"뉴욕증시, 美 7월 소비자물가 소폭 둔화 전망",20220808,긍정
63,한국경제,"상하이증시, 中, 기업 투자 독려…신규 대출 늘어난 듯",20220808,중립
64,한국경제,손해보험 수수료율 올랐는데…설계사 월급은 왜 줄었을까,20220808,부정
65,한국경제,"""5년간 금리 2%P만 오른다"" 외면받던 '금리상한형 주담대' 인기",20220808,중립
66,한국경제,"7% 할인해서 산 e서울사랑상품권, 배달비도 깎아준다고?",20220808,중립
67,한국경제,버핏의 한수…인플레 헤지 위한 '배당주' 쓸어담기,20220808,중립
68,한국경제,도쿄·오사카에 다시 등장한 '코인 ATM',20220808,중립
69,한국경제,"부부 공동명의 14억 주택, 올해는 단독명의로 종부세 내는게 유리",20220808,중립
70,한국경제,"3억 시골집, 양도세 산정때 주택 수 포함 안한다",20220808,중립
71,한국경제,"""타워팰리스 버금갈 것""…수영장 딸린 서울 임대주택 나온다",20220808,중립
72,한국경제,"""규제 푼다는데""…리모델링 단지, 재건축 목소리 커져",20220808,부정
73,한국경제,군산·천안 '브랜드 타운'…지역 부촌으로 뜬다,20220808,중립
74,한국경제,"""삼성전자·SK하이닉스 입사 보장""…반도체학과 입시전쟁 예고",20220808,중립
75,한국경제,"이화여대 박소정 교수 연구팀, 이산화탄소 자원화 개발 성공",20220808,긍정
76,한국경제,"남성희 전문대교협회장 ""전문대 AI·반도체 전공에 4년제 허용해야""",20220808,중립
77,한국경제,"""편입생 4년 만에 11% 증가""…'1위' 아이비김영 실적 기대",20220808,긍정
78,한국경제,"단국대, 수산부산물로 '아토피 치료제' 만든다",20220808,중립
79,한국경제,맥주 출고 막힌 하이트진로…본사 직원 250명이 나른다,20220808,부정
80,한국경제,코로나 재유행 곧 '정점'…여름휴가가 변수,20220808,부정
81,한국경제,"서울시, 전기차 1만여대 추가 보급",20220808,중립
82,한국경제,해외 여행 두배 늘었는데…여행업계 웃지 못하는 이유,20220808,부정
83,한국경제,'오락가락 정책'에 혼돈…커지는 박순애 사퇴론,20220808,부정
84,한국경제,"상사와 단둘이 회식 후 귀가 중 뇌출혈…법원 ""업무상 재해""",20220808,부정
85,한국경제, 맑아진 석촌호수로 ‘풍덩’,20220808,중립
86,한국경제,"""기억 저 편의 첫사랑, 가곡 뮤지컬로 떠올려보세요""",20220808,중립
87,한국경제,세월의 의미 담은 '인생의 시' 101편,20220808,중립
88,한국경제,"폭풍치는 바다 속 네 시간…작품 위해 목숨 내건 화가, 터너 ",20220808,중립
89,한국경제,드라마 같은 '4연속 버디'…지한솔의 막판 뒤집기쇼,20220808,긍정
90,한국경제,'사파리 카트' 타고 한정판 맥주 마신다…삼성물산의 '골프장 실험',20220808,중립
91,한국경제,퍼트 정렬 돕고 스핀 정도 확인…'반반공'의 과학,20220808,중립
92,한국경제, 펠로시 대만 방문 후폭풍…한반도 영향은,20220808,부정
93,한국경제, 디지털플랫폼 정부의 첫걸음 '모바일 신분증',20220808,중립
94,한국경제, 비만 치료를 위한 식사요법 두 가지,20220808,중립
95,한국경제, 미래 먹거리 'K캐릭터' 키워야,20220808,중립
96,한국경제, 인사공백 해소가 국정쇄신의 시작,20220808,중립
97,한국경제, 연금 개혁 '제도 개선·기금운용 혁신' 시급하다,20220808,부정
98,한국경제, '현대판 음서제' 여전한 단체협약,20220808,중립
99,한국경제, 연봉 1억 금융노조도 '임금 파업'…은행 이익 어떻게 생겼나,20220808,부정
100,한국경제, 휴가 복귀 윤석열 대통령이 우선적으로 할 일,20220808,중립
101,한국경제, 주력 산업까지 흔들…규제 완화·기업인 사면 서둘러야,20220808,부정
102,한국경제, 국제특허가 우주개발 성패 가른다,20220808,중립
103,한국경제, '풀을 쳐서 뱀을 놀라게 하다',20220808,부정
0,네이버금융,"""美연준 또 금리 0.75%P 올릴까?"" 증시는 혼조",2022-08-08,부정
1,네이버금융,"""달러화 강세 확대·전기차 업종 하락…이번주 변동성 확대 유의""",2022-08-08,부정
2,네이버금융,"美고용 호조에 강달러…환율, 1300원대 상승 예상",2022-08-08,부정
3,네이버금융, 주식형 펀드 자금 '쑥'…1119억원 순유출,2022-08-08,중립
